name,voltage,latitude,longitude,type,control
High Falls,120,45.5957779,-76.3380325,ligne,PQ
Masson-Nord,120,45.5454175,-75.4213652,ligne,PQ
Paugan,120,45.81069955,-75.9328932541377,prod,PV
Maniwaki,120,46.3778839,-75.9807967,ligne,PQ
Interconnexion-Maclaren,120,45.4389935,-72.7591992,ligne,PQ
Buckingham,120,45.5864671,-75.4168252,ligne,PQ
FPS Canada Inc,120,45.33731135937499,-73.0162269187876,ligne,PV
Templeton,120,45.4983669,-75.6082192,conso,PQ
Erco Mondial Buckingham,120,45.4999454375,-73.14000367515033,ligne,PQ
Thurso-Papineau,120,45.598185,-75.246048,ligne,PV
Petite-Nation,120,45.8525649,-75.12670561529993,ligne,PQ
Gatineau,120,45.4277659,-75.710976,conso,PQ
Bowater Gatineau,120,52.2067646,-71.29033654999999,conso,PQ
Touraine,120,45.493909650000006,-75.734663440555,ligne,PQ
Rapides-Farmers,120,48.06983785,-72.79647161990064,ligne,PQ
Limbour,120,45.49444105,-75.75639677251989,ligne,PQ
Chelsea,120,45.5031737,-75.808023,ligne,PQ
Wakefield,120,45.639968,-75.92926,ligne,PQ
Lucerne,120,45.7562723,-75.7300712,ligne,PQ
Gamelin,120,45.51523015,-73.55991655381047,ligne,PQ
Cadieux,120,45.4313481,-74.0218419,ligne,PQ
Bryson,120,45.6772459,-76.6217075,ligne,PQ
Calumet,120,45.649868,-74.6315694,ligne,PV
Mont-Laurier,120,46.5524071,-75.4968899,ligne,PQ
Lac-des-ÃƒÅ1⁄2les,120,46.478270225,-75.41748538097532,ligne,PV
Quyon,120,45.5204631,-76.2302306,ligne,PQ
Glenwood,120,45.39488605,-75.83248403612015,ligne,PQ
Val-TÃƒÂ©treau,120,45.463666296875004,-73.9791320185306,ligne,PQ
Hull-2,120,45.42161199464099,-75.72128234552005,ligne,PQ
Dorion,120,45.3863926,-74.0084813,conso,PQ
Coteau-du-Lac,120,45.2963957,-74.1782005,ligne,PQ
Vaudreuil-Soulanges,120,45.3781798,-74.2292199,ligne,PQ
Lachute,120,45.6560478,-74.3401388,ligne,PQ
SGL Canada,120,47.67965976250001,-71.71743133897033,ligne,PQ
Lafontaine,120,45.8116516,-74.014184,ligne,PQ
Paquin,120,47.6329897,-79.3132339,ligne,PQ
Achigan,120,45.8047978,-71.1489039,ligne,PV
Saint-Lin,120,45.897741,-73.7574166,ligne,PQ
Arthur-Buies,120,48.43052955,-68.52607680311249,ligne,PQ
Saint-JÃƒÂ©rÃƒÂ ́me,120,46.1245181,-72.71443645,ligne,PQ
Cascades Groupe Papiers,120,48.092441925,-68.19796382848986,ligne,PQ
Rolland,120,46.6644243,-76.09036648232481,ligne,PQ
Notre-Dame-du-Laus,120,46.0899,-75.62439,ligne,PV
Contrecoeur,120,45.8573781,-73.2374307,ligne,PQ
Sorel,120,46.044404,-73.104744,ligne,PQ
Doc-Grignon,120,46.107985625,-71.95703196611282,conso,PQ
Emballages Smurfit-Stone,120,46.15048175,-73.63511070060127,ligne,PQ
Les CÃƒÂ ̈dres,120,47.089184875,-71.87028948625995,ligne,PQ
Rigaud,120,45.4794481,-74.3019608,ligne,PQ
Saint-Polycarpe,120,45.3021238,-74.3041891,conso,PQ
Duvernay,120,45.5935503,-73.6699909,ligne,PQ
Landry,120,45.2750278,-74.0968456,conso,PQ
Saint-FranÃƒÂ§ois,120,45.843796100000006,-72.28246519999999,ligne,PQ
Terrebonne,120,45.6951527,-73.6350148,ligne,PQ
Sainte-Rose,120,45.625284,-73.7644249,conso,PQ
Renaud,120,46.8116645,-71.2395643,ligne,PQ
Chute-Hemmings,120,45.86243381113644,-72.44943252019252,conso,PQ
Sainte-PerpÃƒÂ©tue,120,46.0478466,-71.9644193,ligne,PQ
Moras,120,46.24014115,-72.65622771165715,ligne,PQ
BÃƒÂ©cancour,120,46.635082,-72.151083,ligne,PV
Asbestos,120,45.776623,-71.932297,conso,PQ
Grand-PrÃƒÂ©,120,47.35863545824044,-73.03713858588414,ligne,PQ
Charette,120,46.440696,-72.924156,ligne,PQ
Shawinigan-3,120,46.5396581,-72.7518637,ligne,PQ
Leman,120,49.2577153,-69.5450717,ligne,PQ
Shawinigan-2,120,46.5396581,-72.7518637,ligne,PQ
Forges-de-Sorel,120,50.49630352416842,-71.04527738242362,ligne,PQ
GEC-Alstom-Fagan,120,45.780979775,-72.77588137690523,ligne,PQ
Almaville,120,46.5306903,-72.75655589911258,ligne,PQ
Marcotte,120,46.7807744,-73.2234448,ligne,PQ
Yamaska,120,46.004355,-72.913513,prod,PQ
Sorel-Sud,120,46.0428486,-73.1148817,conso,PQ
Trois-RiviÃƒÂ ̈res,120,48.339185625,-68.41265826613159,ligne,PQ
Kruger Inc Trois-RiviÃƒÂ ̈res,120,46.10469280152944,-74.14605010105035,ligne,PQ
Boulevard-Labelle,120,45.99917785191597,-74.20861664582178,ligne,PQ
Kingsey,120,45.857978,-72.069283,ligne,PQ
Arthabaska,120,45.9965832,-71.9875776,ligne,PQ
Bois-Francs,120,45.49389955,-73.73277019090784,ligne,PQ
Rosiers,120,48.8562821,-64.2010241,prod,PQ
Chambly,120,45.4483467,-73.2936944,ligne,PQ
Saint-CÃƒÂ©saire,120,46.014716175,-74.106413725,ligne,PQ
Varennes,120,45.6834691,-73.4362737,prod,PQ
IREQ,120,45.6208649,-73.3791213,ligne,PQ
Institute-de-Recherche,120,45.4742689,-73.5998146,ligne,PQ
Pierre Boucher,120,45.6125338,-73.4565642,ligne,PV
Praxair Canada Contrecoeur,120,46.84941989415098,-72.32114898563943,ligne,PQ
Argonal Inc,120,52.70491623120477,-72.78179375193741,conso,PQ
Basell Canada Inc,120,46.5191295,-70.7070635,prod,PQ
Aqueduc,120,45.439324368280325,-73.59722016511155,ligne,PQ
Hadley,120,46.1049357,-75.83250776190172,ligne,PQ
Lambton,120,45.8385077,-71.0910689,ligne,PQ
Saint-Ãƒâ€°variste,120,46.01864375,-74.16471025000001,ligne,PQ
MÃƒÂ©gantic,120,46.84625857420376,-71.9345345494974,ligne,PQ
Weedon,120,45.7016827,-71.4655195,ligne,PQ
Cleveland,120,41.4943941196557,-81.61842511271446,ligne,PQ
Cowansville,120,45.2076125,-72.7479195,ligne,PQ
Domtar Windsor,120,45.56677125,-71.98417093222562,ligne,PV
Des Cantons,120,46.414044,-70.5966801,ligne,PQ
Windsor,120,45.5697799,-72.0034954,ligne,PQ
Bromptonville,120,45.4749156,-71.9428879,ligne,PQ
Kruger Inc Bromptonville,120,46.33019326768629,-75.75943963403357,ligne,PQ
Wyman,120,45.5342316,-76.2997241,ligne,PQ
Sherbrooke,120,45.403271,-71.889038,conso,PQ
Cascades Canada East Angus,120,47.30705520000001,-71.11096901395945,prod,PV
Ville de Sherbrooke Orford,120,46.64058262499999,-71.77453975,ligne,PQ
Rockfield,120,45.43964207582635,-73.65782219435026,ligne,PQ
Hampstead,120,45.4816781,-73.647192,ligne,PQ
Mascouche,120,45.7453521,-73.6005591,ligne,PQ
Pierre-Le Gardeur,120,45.7188859,-73.51726880996449,ligne,PV
Sainte-Rosalie,120,45.6452982,-72.8981076,ligne,PQ
Casavant,120,46.259872900000005,-74.99497592791889,ligne,PQ
MontÃƒÂ©rÃƒÂ©gie,120,46.4257640625,-72.13114978374287,prod,PQ
Heriot,120,45.8842858,-72.4870998,ligne,PQ
Grantham,120,45.840759,-72.57019,ligne,PQ
East Angus,120,45.4828558,-71.6594817,ligne,PQ
LAcadie,120,45.87919233537258,-72.53266056806714,ligne,PV
Granby,120,45.3990409,-72.721834,conso,PQ
Ville de Sherbrooke Saint-FranÃƒÂ§ois,120,46.5144843125,-71.824922375,ligne,PQ
Ville de Sherbrooke Galt,120,47.3971725,-71.47224399999999,ligne,PQ
Stukely,120,45.321254,-72.418442,ligne,PQ
Waterloo,120,45.3441569,-72.5162169,ligne,PV
Richelieu,120,45.4439193,-73.2488055,ligne,PQ
Viger,120,45.51254115,-73.55318567035573,ligne,PQ
AdÃƒÂ©lard-Godbout,120,45.408210322449136,-73.22653178254039,ligne,PQ
Central-2,120,45.35573845,-72.00206234979936,conso,PQ
Brossard,120,45.4554579,-73.4678695,ligne,PQ
Atwater,120,45.4897865,-73.5863426,ligne,PQ
Maissonneuve,120,49.2225424,-71.3125697,conso,PV
Mine Jeffrey,120,45.7726471,-71.95257552412112,ligne,PQ
Ville de Joliette,120,46.02357705,-73.44271611350774,ligne,PV
Joliette,120,46.0239798,-73.4419936,ligne,PQ
Ramezay,120,45.5087643,-73.55316909929684,ligne,PQ
Royalmount,120,45.500762050000006,-73.66217635588133,ligne,PV
Laurent,120,47.1519,-72.2818354,ligne,PQ
Mercier,120,45.310444,-73.746051,ligne,PQ
LÃƒÂ©ry,120,46.621105524432366,-72.10101044120778,ligne,PQ
Saint-RÃƒÂ©mi,120,45.8220535,-72.372265,ligne,PV
Delson,120,45.3748635,-73.5412607,ligne,PQ
Saint-Basile,120,46.7565352,-71.8248449,ligne,PQ
Saint-Maxime,120,49.1904619,-65.62753482007003,prod,PQ
Marie-Victorin,120,45.56801505,-73.56919408645481,ligne,PQ
Guy,120,45.4953736,-73.5798383,ligne,PQ
Ormstown,120,45.1255418,-73.9922809,ligne,PQ
Huntingdon,120,45.087339,-74.173851,conso,PV
ChÃƒÂ¢teauguay,120,42.10617357969873,-80.73001421112517,ligne,PV
Berri,120,45.5151125,-73.5610756,ligne,PV
De Lorimier,120,45.53751455,-73.58010120996488,conso,PQ
MontrÃƒÂ©al-Est,120,46.611386975,-71.60607185582857,ligne,PQ
Interquisa,120,45.4213558,-72.33889149999999,ligne,PQ
Falconbridge LimitÃƒÂ©e MontrÃƒÂ©al-Est,120,45.3102056796875,-72.99559745939379,ligne,PQ
Henri-Bourassa,120,45.5545124,-73.6682516,ligne,PQ
Bout-de-lÃƒÅ1⁄2le,120,49.970961200000005,-72.05002239999999,ligne,PV
Saraguay,120,45.5109688,-73.7495725,ligne,PQ
Mont-Royal,120,45.5085881,-73.5897111,conso,PQ
Dorchester,120,46.81331905,-71.22569952266213,conso,PQ
Reed,120,46.0531711,-71.312395,ligne,PQ
Fleury,120,46.02624794833683,-74.1527865075071,ligne,PQ
Napierville,120,45.18608,-73.4042485,ligne,PQ
Langlois,120,46.728348,-70.54114,ligne,PQ
Eka Chimie Canada Inc,120,48.752627,-75.61553880240513,ligne,PV
Larocque,120,45.4158769,-72.09975126183052,ligne,PQ
Longue-Pointe,120,45.5780418,-73.53746749323068,ligne,PQ
Notre-Dame,120,48.2467777,-79.0166072,ligne,PQ
Jeanne-dArc,120,49.067987775,-65.084416775,prod,PQ
Saint-Jean,120,45.21290625,-73.21942518689312,ligne,PQ
Salaberry,120,46.0528433,-71.4328767,ligne,PQ
Baie dUrfÃƒÂ©,120,46.955703875000005,-71.2756709,ligne,PQ
LÃƒÅ1⁄2le-Perrot,120,47.37783459581068,-68.92558227726458,ligne,PQ
Beauharnois-Est,120,45.54289603477604,-73.64469635825193,ligne,PQ
Beauharnois-Ouest,120,45.53824493747812,-73.64743398518046,ligne,PV
Monseigneur-Ãƒâ€°mard,120,48.9533921125,-66.3494083875,ligne,PQ
La SociÃƒÂ©tÃƒÂ© en commandite revenu Noranda,120,45.456908,-73.75785555,ligne,PQ
Valleyfield,120,45.2555575,-74.1316718,ligne,PQ
Carillon,120,45.5672971,-74.375248,prod,PQ
Mirabel,120,45.6452452,-74.0731738,ligne,PQ
Sainte-ThÃƒÂ©rÃƒÂ ̈se-Ouest,120,45.83906365,-72.5986508,ligne,PV
Chomedey,120,45.5384715,-73.7427541,ligne,PQ
La Trappe,120,45.4962688,-74.0265679,ligne,PQ
Saint-Eustache,120,45.5646052,-73.8929714,ligne,PQ
Goodyear Canada,120,45.26995665,-74.10802095826693,ligne,PV
Saint-Chrysostome,120,45.1027107,-73.7599069,ligne,PV
Hemmingford,120,45.048424,-73.58554645874733,ligne,PV
Saint-Louis,120,45.854152,-72.977715,conso,PV
Beaumont,120,46.8293593,-71.0105418,ligne,PQ
Plouffe,120,46.4461678,-75.5575827,conso,PQ
Rosemont,120,45.5314962,-73.5973383,ligne,PQ
BÃƒÂ©langer,120,47.421543175,-69.70177634999999,ligne,PQ
Amos,120,48.5718519,-78.1160856,ligne,PV
QuÃƒÂ©bec Lithium,120,45.5723514,-74.212398275,conso,PQ
Val dOr,120,45.67177509375,-73.82659223706119,ligne,PQ
Notre-Dame-du-Nord,120,47.593199,-79.487457,conso,PV
PremiÃƒÂ ̈re Chute,120,46.10962639122646,-73.04227727845914,ligne,PQ
Rouyn,120,48.2382498,-79.0201438,conso,PQ
Pandora,120,45.5032872,-73.5706814,conso,PQ
Louvicourt,120,48.0700355,-77.3807566,ligne,PQ
Rapide-7,120,48.214262,-78.32535,ligne,PQ
Cadillac,120,45.5768358,-73.5466995,ligne,PQ
Mine Doyon,120,48.26547105,-78.55017682514514,ligne,PQ
Rapide-2,120,48.2205964,-78.3759423,ligne,PV
Senneterre,120,48.390458,-77.242813,ligne,PQ
Boralex,120,45.86361885,-72.06290590996895,ligne,PQ
Saint-Blaise,120,45.2113406,-73.28738,conso,PQ
Palmarolle,120,48.661943,-79.200439,ligne,PQ
Reneault,120,48.4665992,-79.0408816,ligne,PV
Coigny,120,48.9941119,-77.8871804,ligne,PV
Poirier,120,45.949524100000005,-74.18413935,conso,PQ
Joutel,120,49.4623075,-78.3084915,conso,PV
Mines Agnico-Eagle LimitÃƒÂ©e,120,46.881878675,-76.08101704128882,ligne,PV
Rapides-des-Iles,120,48.3529811,-72.2176902,ligne,PQ
Malartic-2,120,48.137225,-78.125153,ligne,PQ
Goldex,120,48.089954160033415,-77.87103979325806,ligne,PQ
Abitibi lignelidated Amos,120,46.533029375,-72.84024622499999,ligne,PQ
Lorrainville,120,47.354641,-79.351501,ligne,PQ
Kipawa,120,46.7811942,-78.9862187,ligne,PQ
Temcell,120,45.743002175,-74.801211575,ligne,PQ
Tembec Inc TÃƒÂ©miscaming,120,45.98763745,-73.99420394999999,ligne,PQ
Quevillon,120,49.0083908,-76.9395233,ligne,PQ
Rapides-des-Quinze,120,47.5990242,-79.4483467,ligne,PQ
Normetal,120,48.996438,-79.362488,ligne,PQ
Mines Casa-Berardi,120,46.2635619375,-75.07709542064441,ligne,PQ
Mines Selbaie,120,45.95440356875,-74.57513461032221,ligne,PQ
Matagami,120,49.7575884,-77.6300251,ligne,PQ
Acton,120,45.6018427,-72.5232917,conso,PQ
Sainte-Agathe-des-Monts,120,46.046072,-74.279938,ligne,PV
Ouimet,120,46.1699852,-74.58924317944053,conso,PQ
Saint-Donat,120,46.318718,-74.221916,conso,PQ
Grand-BrulÃƒÂ©,120,47.13777640824045,-73.11296058588414,ligne,PQ
LAnnonciation,120,47.14257566768629,-71.80092178403356,conso,PV
Joly,120,46.6147745,-71.8186881,ligne,PV
Vignan,120,45.4970523,-75.70046002521293,ligne,PQ
Magog,120,45.2658014,-72.1480686,ligne,PQ
B.O.C. Canada Inc,120,46.467064750000006,-72.0458948,ligne,PQ
EKA Chimie Canada Inc Magog,120,45.510529425,-72.162109,ligne,PQ
Ville de Magog,120,45.2649413,-72.1468359,ligne,PQ
Cournoyer,120,46.8817357,-72.85742668549427,conso,PQ
Silicium-BÃƒÂ©cancour,120,47.284587925,-71.30727035,ligne,PV
Hydrogenal Inc,120,45.35410195,-73.77648615,conso,PQ
P.C.I. Chimie Canada Inc,120,49.183801925,-74.0527502482326,ligne,PV
Viterra Inc.,120,48.302746662131,-72.84179085,ligne,PQ
Parisville,120,46.518713,-72.064133,ligne,PQ
Villeroy,120,46.388386,-71.875305,ligne,PV
Plessisville,120,46.219515,-71.771965,prod,PV
Daveluyville,120,46.20431,-72.137604,conso,PV
Ville de Sherbrooke MassÃƒÂ©,120,46.89277925,-71.6737745,ligne,PQ
Beaulieu,120,48.34061249494663,-69.52340078387633,ligne,PQ
Stanstead,120,45.0106604,-72.0972499,prod,PV
Coaticook,120,45.1334169,-71.803479,ligne,PQ
Sleeper et Akhurst,120,46.46862655,-72.21372149999999,ligne,PQ
Papiers-Scott Inc,120,45.5899518,-74.65777685,conso,PQ
Laurendeau,120,45.43620265,-73.60544000484967,ligne,PV
Magnan,120,49.879428,-79.4386778343079,ligne,PQ
Sainte-Ãƒâ€°mÃƒÂ©lie,120,45.945953475,-72.01576374999999,ligne,PQ
Provost,120,45.36983288830195,-73.76340557127885,ligne,PQ
Lavaltrie,120,45.883078,-73.282242,ligne,PQ
LAssomption,120,48.09011316692157,-71.25211769600838,prod,PQ
LanaudiÃƒÂ ̈re,120,45.55676775,-72.59395724999999,conso,PQ
Berthier,120,46.33476485,-73.13786806802949,ligne,PQ
Saint-Sulpice,120,45.826646,-73.358116,ligne,PQ
Kildare,120,46.078336,-73.5523887,ligne,PQ
Groulx,120,45.4827728,-73.5798271,conso,PQ
Sainte-Anne-des-Plaines,120,45.76417,-73.818855,conso,PQ
ChenÃƒÂ©ville,120,48.23052215,-73.380544,ligne,PV
Papineauville,120,45.61884,-75.020142,ligne,PV
Beauceville,120,46.210725,-70.774269,ligne,PV
Saint-Joseph,120,46.8494476,-71.2929097,conso,PV
Sainte-Marie,120,46.450395,-71.030731,ligne,PQ
Neubois,120,47.06618665,-77.29973996010068,ligne,PQ
Leclerc,120,47.3526187,-72.64153625,ligne,PQ
Iberville,120,45.3039219,-73.2297415,ligne,PQ
Saint-SÃƒÂ©bastien,120,45.936359,-73.819027,ligne,PQ
Farnham,120,45.2831,-72.974968,ligne,PQ
Bedford,120,45.1205194,-72.9885161,ligne,PQ
Sainte-Claire,120,46.600629,-70.864906,ligne,PQ
ChaudiÃƒÂ ̈re,120,46.5762592,-73.27212225,ligne,PQ
Saint-Lazare,120,45.3995886,-74.1359632,conso,PQ
PPG Canada Inc,120,48.9228724625,-76.62659462411631,ligne,PQ
Usine Beauharnois Alcan,120,46.920427875,-72.91135354824478,conso,PV
RiviÃƒÂ ̈re-du-Loup,120,48.513775156250006,-72.167076125,ligne,PQ
F.F. Soucy S.E.C.,120,45.39152271875,-73.05748583757517,conso,PQ
Grand-Portage,120,48.876511916480894,-73.50408717176828,ligne,PQ
Saint-Alexandre,120,45.23026655,-73.12452476062859,ligne,PQ
Saint-Pascal,120,47.5266271,-69.8074463,ligne,PQ
La PocatiÃƒÂ ̈re,120,49.647954275,-73.47882094209962,ligne,PQ
Sully JCT,120,46.476908,-72.38018869999999,ligne,PQ
Cabano,120,47.6836969,-68.8853408,prod,PV
Squatec,120,47.8814362,-68.7253306,ligne,PV
Amqui,120,48.4656706,-67.4315171,ligne,PV
Causapscal,120,48.3542375,-67.2269621,ligne,PQ
Vents du Kempt,120,45.445360475,-73.89120278517787,ligne,PQ
Sully,120,47.4554491,-69.1521582,ligne,PQ
DÃƒÂ©gelis,120,45.53820305,-72.6647363,ligne,PQ
Sayabec,120,48.566157,-67.688141,ligne,PQ
Les Boules,120,48.6839287,-67.9841822,prod,PV
Uniboard Canada Inc,120,48.55627025,-67.65539453226316,ligne,PQ
Beauceville-Est,120,46.2024008,-70.7717706,conso,PQ
Saint-Georges,120,46.122987,-70.671959,ligne,PQ
Bolduc,120,49.53344365,-71.34141304089493,prod,PQ
Saint-Robert-Bellarmin,120,45.749798,-70.586472,prod,PQ
East Broughton,120,46.216664,-71.075706,prod,PV
LiniÃƒÂ ̈re,120,46.2021573,-72.38530824661534,ligne,PQ
Sainte-Germaine,120,48.601133,-79.116669,conso,PQ
Cacouna,120,47.9171789,-69.5016092,ligne,PQ
Saint-ClÃƒÂ©ment,120,45.71071435,-73.99091145,ligne,PV
Coleraine,120,45.98652805,-71.37767158285382,ligne,PQ
La VÃƒÂ©rendrye,120,50.135235675,-70.01441771673795,ligne,PQ
Parent,120,47.9195154,-74.6185295,ligne,PQ
Thibaudeau,120,45.3186017,-73.881845,prod,PQ
Des HÃƒÂatres,120,47.25966735,-70.20037306638403,ligne,PQ
Domtar QuÃƒÂ©villon,120,45.8373784375,-71.97060144916922,ligne,PQ
Mine Gonzague-Langlois,120,47.019059075,-75.25137617463312,conso,PQ
La Grande-1,120,48.7151352,6.2596602,conso,PQ
Chisasibi,120,53.6520138,-78.3384139877295,prod,PV
Wemindji,120,52.9247619,-78.80623302926833,prod,PV
Mont-Tremblant,120,46.11588,-74.5891426,ligne,PQ
Repetigny,120,46.95525925,-76.14484355,conso,PQ
Massif-du-Sud,120,46.585034,-70.44851431985381,prod,PQ
Daaquam,120,46.5896913,-70.0606033,ligne,PQ
Mine Malartic,120,48.11851215,-78.08886028257761,ligne,PQ
Adamsville,120,45.2801055,-72.7853418,ligne,PV
Saint-Sauveur,120,45.894309,-74.158058,ligne,PQ
Gracefield,120,46.0933721,-76.0531906,ligne,PQ
Compass YUL II,120,45.87352184375,-73.00496081035674,ligne,PQ
RiviÃƒÂ ̈re-Sainte-Anne,161,48.482470000000006,-70.377388,ligne,PQ
Copper Mountain,161,45.5768869,-73.7078156,ligne,PV
GoÃƒÂ©mon,161,45.681664375,-75.08060577913346,ligne,PQ
Micmac,161,48.609741850000006,-70.50899784989917,ligne,PV
PercÃƒÂ©,161,45.8420985625,-75.32825252500936,conso,PQ
GaspÃƒÂ©,161,45.471498025,-74.63544627690524,ligne,PQ
RiviÃƒÂ ̈re-au-Renard,161,48.498627500000005,-71.301098,ligne,PQ
GaspÃƒÂ©sia,161,45.4496319625,-75.17321113845261,ligne,PQ
Alcoa,161,49.2553229,-68.1495681106384,ligne,PQ
Hauterive,161,49.1929593,-68.2570763,ligne,PQ
LaflÃƒÂ ̈che,120,45.7338497,-74.1771614,ligne,PQ
Manic-1,120,49.19624005518989,-68.32839204590813,prod,PQ
McCormick,120,49.19300885,-68.32691228536461,prod,PV
Mont-Rothery,161,48.9870126,-65.3658587,prod,PV
Mont-Copper,161,48.9621597,-65.5124088,prod,PV
Mont-Miller,161,48.9603814,-65.474662,prod,PV
CÃƒÂ ́te-Nord,120,45.8986519,-71.4042614,ligne,PQ
PentecÃƒÂ ́te,120,45.83163222499999,-75.52979943471881,ligne,PV
Baie-TrinitÃƒÂ©,120,46.827534,-70.639858,ligne,PQ
Godbout,120,49.323332,-67.59613,ligne,PQ
RiviÃƒÂ ̈re-aux-Rochers,120,48.51276531250001,-72.10934424999999,ligne,PV
Port Cartier,120,50.0187481,-66.8756913,ligne,PQ
Companie-MiniÃƒÂ ̈re-QuÃƒÂ©bec-Cartier,120,45.8896655875,-72.77249092071347,conso,PQ
Katahdin PÃƒÂ¢te QuÃƒÂ©bec,120,46.4257768,-72.612028975,ligne,PQ
Laure,120,48.32179805,-74.41234547326698,ligne,PQ
Sept-ÃƒÅ1⁄2les,161,47.46505805,-74.99733835,ligne,PQ
Iron-Ore-du-Canada,161,45.41253695,-72.12873764999999,ligne,PV
Arnaud,161,59.970508094129215,-71.96636733876329,prod,PQ
Aluminerie Alouette,161,50.16014375,-66.44030932883572,ligne,PQ
RiviÃƒÂ ̈re-au-Tonnerre,161,48.50670625000001,-71.762953,prod,PQ
Magpie,161,50.3078598,-64.4999864,ligne,PV
RiviÃƒÂ ̈re-aux-Bouleaux,161,48.510745625000006,-71.99388049999999,ligne,PV
RiviÃƒÂ ̈re-ÃƒÂ -la-Chaloupe,161,48.51465876953125,-72.217591515625,ligne,PQ
Roberval,120,48.514785,-72.224808,ligne,PQ
CogÃƒÂ©nÃƒÂ©ration Saint-FÃƒÂ©licien,120,47.0637644,-74.84532970000001,ligne,PQ
Desbiens,120,48.417809,-71.949463,ligne,PQ
LIsle Maligne,120,48.24803608346079,-71.1606503480042,ligne,PV
Obalski,161,49.7475006,-74.3980202,ligne,PQ
Corporation MiniÃƒÂ ̈re Inmet,161,45.4366413,-73.94300805,ligne,PQ
Waconichi,161,50.21710732426201,-73.8082767,conso,PQ
Chapais,120,49.7829998,-74.8572812,ligne,PQ
Chibougamau,120,49.9137407,-74.3713954,ligne,PQ
Saint-FÃƒÂ©licien,161,45.98339155000001,-71.4772121,ligne,PV
Chigoubiche,161,48.98968517382856,-73.26403868063218,ligne,PV
Mistassini,161,48.892019,-72.2084055,ligne,PQ
Abitibi lignelidated Alma,161,47.26126095,-74.53158855,ligne,PV
SFK PÃƒÂ¢te SENC,161,46.95336052500001,-72.36567967794066,ligne,PQ
Normandin,161,48.837153,-72.529678,ligne,PV
Bowater Produits Forestiers,161,53.3246663,-70.91049362499999,ligne,PV
Saguenay,161,48.405959,-71.069183,ligne,PQ
Dubuc,161,45.517426400000005,-73.5667089438662,conso,PQ
Elkem Metal Canada,161,47.0178635,-74.29525340120256,ligne,PQ
Chicoutimi-Nord,161,48.4382053,-71.0750109,ligne,PQ
Chicoutimi,161,48.3370248,-71.12352613559267,ligne,PQ
JonquiÃƒÂ ̈re,161,48.038541,-75.0635898,ligne,PQ
Abitibi lignelidated KÃƒÂ©nogami,161,46.1689135875,-71.99457506249999,ligne,PQ
Cascades Canada Saguenay,161,47.83064635000001,-69.16896555697971,prod,PQ
Junction 1646,161,43.66402248834808,-79.47146885912669,ligne,PQ
Saint-Ambroise,161,48.557523,-71.324615,ligne,PV
Ville de Saguenay,161,48.405959,-71.069183,ligne,PQ
Junction 1647,161,43.66402248834808,-79.47146885912669,ligne,PQ
Du Portage,161,47.7672259,-69.6105212,conso,PQ
Niobec,161,48.5320989,-71.14996136645,ligne,PQ
Simard,161,46.8928491,-71.322699,ligne,PQ
PÃƒÂ©ribonka,161,47.18911184415097,-75.35146443563943,ligne,PQ
Pointe-Noire,161,46.80664,-75.7425446,ligne,PQ
Romaine-1,120,50.38593355,-63.26030794662493,prod,PQ
Johan-Beetz,120,50.289411,-62.8063611,ligne,PQ
Natashquan,120,50.1839077,-61.8174062,ligne,PQ
Havre-Saint-Pierre,120,50.2463647,-63.6003951,ligne,PQ
Anse-ÃƒÂ -Valleau,161,46.343401,-71.64715952914058,ligne,PQ
Montagne-SÃƒÂ ̈che,161,47.44862519787838,-71.23124315102879,ligne,PV
Grande VallÃƒÂ©e,161,46.599697229120224,-72.80366429294207,prod,PQ
Lac-Hope,120,47.25425745,-77.28142836195065,ligne,PQ
Hart-Jaune,120,51.81437425,-67.85196915488217,prod,PV
Normand,120,46.6973109,-71.30426825,conso,PQ
Chute-Allard,230,47.8929364,-73.7185591011652,ligne,PQ
Rapide-des-Coeurs,230,47.7866946,-73.3752530398013,ligne,PQ
Rapide-Blanc,230,47.790592450000005,-72.96269459384149,ligne,PQ
LÃƒÂ©vis,230,47.05352213664855,-70.28648006181166,ligne,PQ
Bourget,230,45.4993544,-73.5693941,ligne,PQ
La Durantaye,230,46.835066,-70.85598,ligne,PQ
Montmagny,230,46.9826328,-70.555916,ligne,PV
Trois-Pistoles,230,48.122101,-69.169922,conso,PV
Rimouski,230,48.450155,-68.529968,ligne,PV
Qit-Fer-et-Titane,230,48.78098093051887,-76.74101594195494,ligne,PQ
Boucherville,230,45.6050197,-73.4526144,ligne,PQ
Sidbec-Dosco,230,47.67632675,-71.29184169999999,conso,PV
Carignan,230,45.437955,-73.3554902,ligne,PQ
Mittal Canada Inc Contrecoeur,230,48.944624525,-67.18640797500001,ligne,PQ
Alma,230,48.548887,-71.651459,ligne,PV
Charlesbourg,230,46.89564985,-71.2908285897658,ligne,PQ
QuÃƒÂ©bec,230,45.5550553,-74.88500905000001,ligne,PV
PÃƒÂ©tremont Inc,230,48.553571061037744,-76.54250858390986,ligne,PQ
Rouville,230,45.4234799,-73.0378779,conso,PQ
Thetford,230,46.091329,-71.30127,prod,PV
Appalaches,230,46.5895686,-71.01398860552078,ligne,PQ
La SuÃƒÂ ̈te,230,45.4765884,-73.89221172500001,ligne,PV
Trenche,230,47.7449387,-72.8819776,prod,PQ
Cap-de-la-Madeleine,230,46.368253,-72.509079,ligne,PQ
Chenaux,230,46.5473036,-72.3896926,ligne,PQ
Laurentides,230,46.6070866,-75.1209782075808,ligne,PQ
Saint-Ulric-Saint-LÃƒÂ©andre,230,45.9912155,-74.04948250000001,ligne,PQ
Le Nordais-1,230,49.0594699,-66.7585946,prod,PQ
Matane,230,48.8468773,-67.5295498,prod,PQ
Spruce Falls Inc,230,46.8162625,-70.2461726,conso,PQ
Alcan Usine Shawinigan,230,49.06950295,-70.2960210553192,ligne,PV
Trans Canada Ãƒâ€°nergie,230,46.619424175000006,-74.3083205202775,ligne,PQ
Mauricie,230,47.57124705,-73.20809134761296,ligne,PQ
La Gabelle,230,46.44853335,-72.74107537170389,ligne,PQ
Le Nordais-2,230,49.0594699,-66.7585946,ligne,PQ
PaspÃƒÂ©biac,230,46.13748215,-72.65410727636343,ligne,PV
CascapÃƒÂ©dia,230,48.22333971250001,-67.71246296424493,prod,PQ
Aluminerie-de-BÃƒÂ©cancour,230,49.365997825,-72.27819746441787,conso,PQ
Francheville,230,54.966359100000005,-67.93776825734012,ligne,PV
New Richmond,230,48.1651194,-65.8655584,prod,PQ
Beaumont GS,230,46.863854225,-71.1084155238058,ligne,PV
MÃƒÂ©kanic,230,46.016169287101874,-72.6693915247487,ligne,PQ
Nicolet,230,46.2272898,-72.6192665,ligne,PQ
La Tuque,230,47.441092,-72.78511,prod,PQ
Emballages-Smurfit-Stone La Tuque,230,45.716790875,-73.30503935030063,ligne,PQ
Antoine-Lemieux,230,46.4664848,-71.33057406733067,ligne,PV
BÃƒÂ©cancour GS,230,47.15938945,-70.5182119,ligne,PV
MÃƒÂ©tallurgie Magnola Inc,230,45.60112464355093,-73.03682001237435,ligne,PQ
Jules-A.-Brillant,230,48.45042586808255,-68.52407645976726,conso,PQ
Mont-Joli,230,48.583875,-68.183899,ligne,PQ
LAnse Pleureuse,230,47.77426733384314,-71.43505239201679,ligne,PQ
Gros-Morne,230,49.2520793,-65.54472,prod,PQ
Mont-Louis,230,49.2191155,-65.6972276,ligne,PQ
Carleton,230,48.101464,-66.1140521,prod,PV
MatapÃƒÂ©dia,230,48.209062175,-70.36882057380649,ligne,PQ
Outaouais,230,46.6099678,-76.7719627720078,ligne,PQ
Masson-Sud,230,45.5452687,-75.4211068,ligne,PQ
Frontenac-1,230,45.428991,-75.72145898091603,conso,PQ
Limoilou,230,46.8262728,-71.233149,ligne,PQ
Compagnie Papiers Stadacona S.E.C.,230,45.921953075,-72.30755114142691,ligne,PQ
Bersimis-1,315,49.2933544,-69.5515852,ligne,PQ
Anne-HÃƒÂ©bert,315,46.0972334,-72.28033045276038,conso,PQ
Saint-Bruno-de-Montarville,315,45.5256161,-73.3391798,conso,PQ
La Prairie,315,45.4175472,-73.4891432,prod,PV
Bersimis-2,315,49.175351500000005,-69.22591330326088,prod,PQ
Manicouagan,315,50.4356692,-68.7676678,ligne,PQ
Les Basques,315,48.1282639,-69.0332332,prod,PV
Charlevoix,315,47.6493447,-70.7362215,ligne,PQ
Lachenaie,315,45.702283,-73.5535424,ligne,PQ
Saint-Michel,315,45.5597489,-73.5999622,ligne,PQ
Anjou,315,45.6048982,-73.5466723,conso,PV
Charland,120,46.7355594,-71.4707002,ligne,PQ
Baie-Saint-Paul,315,47.444343,-70.505447,ligne,PQ
Manic-2,315,46.0539253,-71.9562359,ligne,PQ
Outardes-2,315,45.9076891,-73.2607234,ligne,PV
Manic-3,315,49.7407017,-68.5945136447803,prod,PQ
Micoua,315,48.43760645,-74.52958733752216,ligne,PQ
Outardes-3,315,45.9078756,-73.2606304,conso,PQ
Manic-5,315,50.6422916,-68.736306,ligne,PQ
Manic-5A,315,46.7035326688093,-71.18691394768163,ligne,PQ
Outardes-4,315,49.70566085,-68.9050614964652,prod,PQ
Lac Bloom,315,52.82937935,-67.2437254334759,prod,PQ
Montagnais,315,47.91461759575676,-71.90657030205759,ligne,PQ
Blainville,315,45.67932,-73.87619,ligne,PQ
ChÃƒÂ©nier,315,41.800283849677214,-81.1742196619198,ligne,PQ
Roussillon,315,45.3433881,-73.5900357,prod,PQ
Hertel,315,46.3439278,-72.53696442909092,ligne,PQ
Sources,315,45.7510888,-71.7670146,ligne,PV
Le Corbusier,315,45.5520825,-73.72255830409135,ligne,PQ
Patriotes,315,45.7562513,-73.24408155272687,ligne,PQ
Du Tremblay,315,45.5223886,-73.75567758141023,ligne,PQ
Mittal Canada Inc,315,48.92708935,-68.86040715,ligne,PQ
Jacques-Cartier,315,45.4037181,-71.9185838,ligne,PQ
Leneuf,315,47.0899776,-72.09585699311879,ligne,PQ
NeufchÃƒÂ¢tel,315,47.615653025,-71.58264918005034,ligne,PQ
Langelier,315,45.5827257,-73.5431577,ligne,PQ
Saint-Patrick,315,46.358488,-72.5443572,ligne,PQ
Des Irlandais,315,48.1052907,-69.80406603276806,ligne,PQ
Kamouraska,315,47.4680992,-69.7909498,conso,PQ
RiviÃƒÂ ̈re-du-loup,315,48.5145325390625,-72.21037503125,ligne,PQ
Kamouraska_SCS,315,46.7732176,-71.67166925000001,ligne,PQ
Madawaska,315,47.48593874886473,-68.47194968241556,ligne,PV
Le Plateau,315,45.4405234,-75.7797332,ligne,PQ
Lac-Alfred,315,48.3957056,-67.75891387347299,prod,PQ
Frontenac-2,315,46.0467294,-71.9918462,ligne,PQ
RiviÃƒÂ ̈re-du-Moulin,345,48.514280078125005,-72.1959420625,ligne,PQ
Delisle,345,48.6020438,-71.6244396,ligne,PQ
Alain-Grandbois,315,45.53631514489828,-73.66772176508078,ligne,PQ
Duchesnay,315,46.8572271,-71.195907,ligne,PQ
Deschambault,315,46.6492,-71.929893,ligne,PV
Alcoa-Aluminierie de Deschambault SENC,315,48.90210495,-69.90051355531921,ligne,PQ
Sainte-Marguerite-1,315,48.316454,-67.084712,prod,PQ
Sainte-Marguerite-2,315,48.315673,-67.084404,prod,PQ
Sainte-Marguerite-3,315,47.04192365714285,-70.88830578571428,ligne,PQ
Toulnustouc,315,49.9706305,-68.15939380426352,ligne,PQ
Romaine-2,315,50.6242462,-63.19413099784271,ligne,PQ
Murailles,315,48.50643714840752,-70.4648205989948,ligne,PQ
Romaine-4,315,51.359594900000005,-63.49716299580088,ligne,PQ
Romaine-3,315,51.11408085,-63.40029252162382,ligne,PQ
Waswanipi,315,49.6934501,-76.14958691395637,ligne,PV
Lebel,315,45.4475221,-75.7380008,ligne,PQ
Abitibi,315,48.7177241,-77.9142732,ligne,PQ
Radisson,315,45.5896475,-73.5397875,ligne,PQ
Figuery,315,48.472466,-78.046188,ligne,PQ
La Grande-2A,315,53.780807,-77.54891330388159,ligne,PQ
Brisay,315,54.442568,-70.5306507,prod,PV
Laforge-2,315,47.5962712,-79.4853307,conso,PQ
Nikamo,315,47.37969435,-71.884613933225,ligne,PQ
Laforge-1,315,54.1704862,-72.6042223,prod,PV
Tilly,315,46.6467078,-71.53878952334757,ligne,PV
Nemiscau,315,51.6879428,-76.2568664,prod,PV
Eastmain-1,315,52.222154,-78.25610960481026,conso,PQ
Le FranÃƒÂ§ois,315,46.25509825,-72.38094510204567,ligne,PQ
Beauport,315,46.89834915,-71.2062892476116,ligne,PQ
BeauprÃƒÂ©,315,46.009434275,-72.09740267380579,ligne,PV
Seigneurie de BeauprÃƒÂ©,315,48.4783075,-72.46547699999999,ligne,PV
Sarcelle,315,52.6678087,-76.63236835023662,ligne,PQ
Jean-R Marcotte,315,47.84656455,-67.36247245,prod,PQ
Grondines,450,46.592662,-72.0406309,conso,PQ
LotbiniÃƒÂ ̈re,450,47.71233825,-78.3661288,prod,PV
PÃƒÂ©rigny,735,48.098751322075486,-76.14549386781971,ligne,PV
Outardes,735,50.7771784,-69.3811298,conso,PQ
Bergeronnes,735,48.243882,-69.545517,ligne,PQ
Chamouchouane,735,47.61567325,-74.0754878,ligne,PQ
Judith-Jasmin,735,45.717545900000005,-73.72539926505519,ligne,PQ
Le Moyne,735,46.958114,-71.0393319,ligne,PQ
Chissibi,735,53.733769800000005,-76.00903082363152,ligne,PQ
Albanel,735,48.883683,-72.442474,conso,PQ
La Grande-2,735,45.3816858,-72.8412893,ligne,PQ
La Grande-3,735,53.7274814,-75.98719657432466,ligne,PQ
La Grande-4,735,53.878361350000006,-73.46849868419923,prod,PV
Chute-ÃƒÂ -Caron,161,43.94151195982785,-78.06478150635724,conso,PQ
Shipshaw,161,48.4598044,-71.2609844,ligne,PV
Usine JonquiÃƒÂ ̈re,161,46.087992687500005,-73.52151267412239,ligne,PV
Usine Alma,161,48.58529825,-71.69103529648955,ligne,PV
Chute-du-diable,161,46.3886298,-74.5111379,conso,PQ
Chute-ÃƒÂ -la-Savane,161,42.71795303974177,-79.84160330953586,ligne,PQ
LÃƒÅ1⁄2le,161,47.26973044275664,-69.37921487211361,ligne,PQ
Chute-des-Passes,315,49.818166,-71.1480664,ligne,PQ
Port-Alfred,161,48.3290069,-70.8788924,ligne,PQ
AluminiÃƒÂ ̈re Grande-Baie Alcan,161,48.9689248625,-75.19714153220895,conso,PV
La Baie,161,48.405959,-71.069183,ligne,PQ
Papier Masson Inc,120,45.5610636,-74.2954117,ligne,PV
