type;name;bus0;bus1;type;capital_cost;length;s_nom;nb_ligne
Bus;Radisson - La Grande-3;Bus1;Bus2;735kV_line;113521,4722;113,5214722;2000;1
Bus;La Grande-3 - Le Moyne;Bus2;Bus4;735kV_line;70128,82489;70,12882489;2000;1
Bus;Le Moyne - EDU de Francisco;Bus4;Bus3;735kV_line;111882,6151;111,8826151;6000;3
Bus;Radisson - Muskeg;Bus1;Bus6;735kV_line;185755,0307;185,7550307;6000;3
Bus;Muskeg - Nemiscau;Bus6;Bus7;735kV_line;66144,46907;66,14446907;6000;3
Bus;Nemiscau - Albanel;Bus7;Bus8;735kV_line;31333,07444;31,33307444;2000;1
Bus;La Grande-3 - Albanel;Bus2;Bus8;735kV_line;231222,9251;231,2229251;2000;1
Bus;Le Moyne - Albanel;Bus4;Bus8;735kV_line;205365,616;205,365616;4000;2
Bus;Nemiscau - Abitibi;Bus7;Bus15;735kV_line;213415,1361;213,4151361;6000;3
Bus;Albanel - Chibougamau;Bus8;Bus16;735kV_line;219926,4998;219,9264998;6000;3
Bus;Abitibi - Chibougamau;Bus15;Bus16;735kV_line;58598,83868;58,59883868;2000;1
Bus;Abitibi - La Verendrye;Bus15;Bus22;735kV_line;262088,1718;262,0881718;6000;3
Bus;Chibougamau - Chamouchouane;Bus16;Bus19;735kV_line;188114,4554;188,1144554;6000;3
Bus;La Verendrye - Chenier;Bus22;Bus29;735kV_line;222488,981;222,488981;2000;1
Bus;La Verendrye - Grand-Brule;Bus22;Bus27;735kV_line;162088,2113;162,0882113;2000;1
Bus;Grand-Brule - Chenier;Bus27;Bus29;735kV_line;65587,76755;65,58776755;2000;1
Bus;Chenier - Duvernay;Bus29;Bus30;735kV_line;31331,95035;31,33195035;2000;1
Bus;Duvernay - Judith-Jasmin;Bus30;Bus31;735kV_line;7174,02292;7,17402292;4000;2
Bus;La Verendrye - Judith-Jasmin;Bus22;Bus31;735kV_line;218510,4279;218,5104279;2000;1
Bus;Duvernay - Bout-de-l'ile;Bus30;Bus28;735kV_line;11364,35633;11,36435633;2000;1
Bus;Bout-de-l'ile - Boucherville;Bus28;Bus36;735kV_line;14408,27775;14,40827775;2000;1
Bus;Chenier - Chateauguay;Bus29;Bus39;735kV_line;40060,82661;40,06082661;2000;1
Bus;Chateauguay - Hertel;Bus39;Bus40;735kV_line;38693,34563;38,69334563;2000;1
Bus;Hertel - Monteregie;Bus40;Bus38;735kV_line;56607,96579;56,60796579;2000;1
Bus;Monteregie - Cantons;Bus38;Bus37;735kV_line;59862,16826;59,86216826;2000;1
Bus;Hertel - Boucherville;Bus40;Bus36;735kV_line;21745,82699;21,74582699;2000;1
Bus;Hertel - Nicolet;Bus40;Bus33;735kV_line;117724,7082;117,7247082;2000;1
Bus;Boucherville - Nicolet;Bus36;Bus33;735kV_line;101265,1292;101,2651292;2000;1
Bus;Boucherville - Carignan;Bus36;Bus32;735kV_line;44372,97327;44,37297327;2000;1
Bus;Judith-Jasmin - Chamouchouane;Bus31;Bus19;735kV_line;336947,8621;336,9478621;2000;1
Bus;Carignan - Jacques-Cartier;Bus32;Bus25;735kV_line;142898,099;142,898099;2000;1
Bus;Judith-Jasmin - Jacques-Cartier;Bus31;Bus25;735kV_line;195019,4415;195,0194415;2000;1
Bus;Jacques-Cartier - Chamouchouane;Bus25;Bus19;735kV_line;221072,9978;221,0729978;4000;2
Bus;Cantons - Nicolet;Bus37;Bus33;735kV_line;61893,62366;61,89362366;2000;1
Bus;Cantons - Appalaches;Bus37;Bus34;735kV_line;76415,94421;76,41594421;2000;1
Bus;Nicolet - Levis;Bus33;Bus35;735kV_line;107339,7419;107,3397419;4000;2
Bus;Appalaches - Levis;Bus34;Bus35;735kV_line;65903,05036;65,90305036;2000;1
Bus;Jacques-Cartier - Laurentides;Bus25;Bus26;735kV_line;31795,44882;31,79544882;2000;1
Bus;Levis - Laurentides;Bus35;Bus26;735kV_line;18654,30894;18,65430894;2000;1
Bus;Chamouchouane - Saguenay;Bus19;Bus23;735kV_line;109831,9249;109,8319249;2000;1
Bus;Jacques-Cartier - Saguenay;Bus25;Bus23;735kV_line;178806,1749;178,8061749;2000;1
Bus;Saguenay - Outarde;Bus23;Bus18;735kV_line;241418,1141;241,4181141;4000;2
Bus;Outarde - Micoua;Bus18;Bus17;735kV_line;5586,756665;5,586756665;4000;2
Bus;Outarde - Manicouagan;Bus18;Bus21;735kV_line;53035,29599;53,03529599;2000;1
Bus;Outarde - Arnaud;Bus18;Bus14;735kV_line;159993,7726;159,9937726;2000;1
Bus;Arnaud - Manicouagan;Bus14;Bus21;735kV_line;165885,649;165,885649;4000;2
Bus;Laurentides - Perigny;Bus26;Bus20;735kV_line;169574,9704;169,5749704;2000;1
Bus;Perigny - Outarde;Bus20;Bus18;735kV_line;204747,4883;204,7474883;2000;1
Bus;Levis - Bergeronnes;Bus35;Bus24;735kV_line;222832,6207;222,8326207;6000;3
Bus;Bergeronnes - Manicouagan;Bus24;Bus21;735kV_line;131903,1476;131,9031476;6000;3
Bus;Arnaud - Montagnais;Bus14;Bus9;735kV_line;194030,7387;194,0307387;6000;3
Bus;Montagnais - Churchill Falls;Bus9;Bus5;735kV_line;216928,7297;216,9287297;6000;3
Bus;Montagnais - Romaine-4;Bus9;Bus10;735kV_line;165579,5687;165,5795687;2000;1
Bus;Romaine-4 - Romaine-3;Bus10;Bus11;735kV_line;27029,97877;27,02997877;2000;1
Bus;Romaine-3 - Romaine-2;Bus11;Bus12;735kV_line;52428,72513;52,42872513;2000;1
Bus;Romaine-2 - Romaine-1;Bus12;Bus13;735kV_line;23673,11753;23,67311753;2000;1
Bus;Romaine-1 - Arnaud;Bus13;Bus14;735kV_line;237781,6833;237,7816833;2000;1
Eolienne;Baie-des-Sables - Saint-Damase;Eolienne41;Eolienne76;735kV_line;3242,456;3,242456;2000;1
Eolienne;Baie-des-Sables - Jardin d'Eole (Saint-Ulric Saint-Leandre);Eolienne41;Eolienne50;735kV_line;25418,357;25,418357;2000;1
Eolienne;Carleton - New Richmond;Eolienne42;Eolienne70;735kV_line;47891,674;47,891674;2000;1
Eolienne;Carleton - Mesgi'g Ugju's'n;Eolienne42;Eolienne62;735kV_line;66299,139;66,299139;2000;1
Eolienne;Cote-de-Beaupre - Seigneurie de Beaupre;Eolienne43;Eolienne79;735kV_line;1364,349;1,364349;2000;1
Eolienne;Des Moulins I - Mont Sainte-Marguerite;Eolienne46;Eolienne66;735kV_line;23899,583;23,899583;2000;1
Eolienne;Des Moulins I - Le Granit;Eolienne46;Eolienne55;735kV_line;87141,961;87,141961;2000;1
Eolienne;Des Moulins II - Le Plateau II;Eolienne47;Eolienne59;735kV_line;4546,185;4,546185;2000;1
Eolienne;Frampton - Massif du Sud;Eolienne48;Eolienne61;735kV_line;31341,93;31,34193;2000;1
Eolienne;Frampton - Mont Sainte-Marguerite;Eolienne48;Eolienne66;735kV_line;44997,873;44,997873;2000;1
Eolienne;Gros-Morne - Mont Louis;Eolienne49;Eolienne64;735kV_line;20297,098;20,297098;2000;1
Eolienne;Gros-Morne - Mont Miller;Eolienne49;Eolienne65;735kV_line;10829,338;10,829338;2000;1
Eolienne;Gros-Morne - Montagne-Seche;Eolienne49;Eolienne67;735kV_line;56847,275;56,847275;2000;1
Eolienne;Jardin d'Eole (Saint-Ulric Saint-Leandre) - Le Nordais (Matane);Eolienne50;Eolienne57;735kV_line;7453,295;7,453295;2000;1
Eolienne;La Mitis - Lac Alfred;Eolienne52;Eolienne53;735kV_line;9773,897;9,773897;2000;1
Eolienne;La Mitis - Nicolas-Riou;Eolienne52;Eolienne71;735kV_line;116188,019;116,188019;2000;1
Eolienne;Lac Alfred - Saint-Damase;Eolienne53;Eolienne76;735kV_line;16125,408;16,125408;2000;1
Eolienne;Lac Alfred - Roncevaux;Eolienne53;Eolienne75;735kV_line;39590,6;39,5906;2000;1
Eolienne;L'Anse-a-Valleau - SNEEC;Eolienne54;Eolienne80;735kV_line;22937,563;22,937563;2000;1
Eolienne;L'Anse-a-Valleau - Montagne-Seche;Eolienne54;Eolienne67;735kV_line;32852,562;32,852562;2000;1
Eolienne;Le Granit - Saint-Robert-Bellarmin;Eolienne55;Eolienne78;735kV_line;4499,94;4,49994;2000;1
Eolienne;Le Nordais (Cap-Chat) - Le Nordais (Matane);Eolienne56;Eolienne57;735kV_line;92769,538;92,769538;2000;1
Eolienne;Le Nordais (Cap-Chat) - Mont Louis;Eolienne56;Eolienne64;735kV_line;124193,176;124,193176;2000;1
Eolienne;Le Plateau I - Le Plateau II;Eolienne58;Eolienne59;735kV_line;5202,374;5,202374;2000;1
Eolienne;Le Plateau I - Roncevaux;Eolienne58;Eolienne75;735kV_line;5188,2;5,1882;2000;1
Eolienne;Massif du Sud - Saint-Philemon;Eolienne61;Eolienne77;735kV_line;10831,44;10,83144;2000;1
Eolienne;Mesgi'g Ugju's'n - Vents du Kempt;Eolienne62;Eolienne82;735kV_line;43169,485;43,169485;2000;1
Eolienne;Mont Copper - Mont Miller;Eolienne63;Eolienne65;735kV_line;7365,01;7,36501;2000;1
Eolienne;Mont Miller - Mont-Rothery;Eolienne65;Eolienne69;735kV_line;11132,385;11,132385;2000;1
Eolienne;Nicolas-Riou - Viger-Denonville;Eolienne71;Eolienne83;735kV_line;38761,668;38,761668;2000;1
Eolienne;Roncevaux - Vents du Kempt;Eolienne75;Eolienne82;735kV_line;33972,178;33,972178;2000;1
Eolienne;Temiscouata - Viger-Denonville;Eolienne81;Eolienne83;735kV_line;16277,628;16,277628;2000;1
Eolienne;Temiscouata - Saint-Philemon;Eolienne81;Eolienne77;735kV_line;143923,704;143,923704;2000;1
Eolienne;Le Projet Eoliennes Belle-Riviere (Val-eo) - Saguenay;Eolienne60;Bus23;735kV_line;49127,525;49,127525;2000;1
Eolienne;Riviere-du-Moulin - Saguenay;Eolienne74;Bus23;735kV_line;27779,892;27,779892;2000;1
Eolienne;Riviere-du-Moulin - Perigny;Eolienne74;Bus20;735kV_line;85242,338;85,242338;2000;1
Eolienne;Des Moulins I - Appalaches;Eolienne46;Bus34;735kV_line;5474,845;5,474845;2000;1
Eolienne;De l'Erable - Appalaches;Eolienne44;Bus34;735kV_line;28731,372;28,731372;2000;1
Eolienne;De l'Erable - Cantons;Eolienne44;Bus37;735kV_line;37770,447;37,770447;2000;1
Eolienne;Pierre-De Saurel - Nicolet;Eolienne72;Bus33;735kV_line;75168,58;75,16858;2000;1
Eolienne;Pierre-De Saurel - Carignan;Eolienne72;Bus32;735kV_line;25313,054;25,313054;2000;1
Eolienne;Monteregiee - Hertel;Eolienne68;Bus40;735kV_line;23344,34;23,34434;2000;1
Eolienne;Chateauguay - Monteregiee;Bus39;Eolienne68;735kV_line;26118,809;26,118809;2000;1
Eolienne;Des Cultures (Parc Eolien) - Monteregiee;Eolienne45;Eolienne68;735kV_line;3171,526;3,171526;2000;1
Eolienne;Cote-de-Beaupre - Laurentides;Eolienne43;Bus26;735kV_line;50988,735;50,988735;2000;1
Eolienne;Seigneurie de Beaupre - Perigny;Eolienne79;Bus20;735kV_line;71158,034;71,158034;2000;1
Solaire;Varennes - Boucherville;Solaire1;Bus36;735kV_line;8064,386;8,064386;2000;1
Solaire;Hertel - La Prairie;Bus40;Solaire2;735kV_line;8022,17;8,02217;2000;1
Solaire;Varennes - Bout-de-l'ile;Solaire1;Bus28;735kV_line;10270,252;10,270252;2000;1
Thermique;Hertel - Autres;Bus40;Thermique2;735kV_line;9835,015;9,835015;2000;1
Thermique;Becancour - Jacques-Cartier;Thermique1;Bus25;735kV_line;43126,701;43,126701;2000;1
Thermique;Becancour - Nicolet;Thermique1;Bus33;735kV_line;20828,724;20,828724;2000;1
Hydro;Bernard-Landry - Eastmain-1;Hydro18;Hydro23;735kV_line;100,912;0,100912;2000;1
Hydro;McCormick - Manic-1;Hydro33;Hydro39;735kV_line;201,785;0,201785;2000;1
Hydro;Shawinigan-2 - Shawinigan-3;Hydro37;Hydro38;735kV_line;120,823;0,120823;2000;1
Hydro;Manic-5 - Manic-5-PA;Hydro7;Hydro12;735kV_line;661,463;0,661463;2000;1
Hydro;Churchill-Falls - Churchill Falls;Hydro62;Bus5;735kV_line;720,346;0,720346;2000;1
Hydro;Robert-Bourassa - La grande-2-A;Hydro1;Hydro4;735kV_line;1823,349;1,823349;2000;1
Hydro;La Grande-4 - EDU de Francisco;Hydro2;Bus3;735kV_line;500,536;0,500536;2000;1
Hydro;La Grande-3 (N002 @ 53.727721,-75.988438) - La Grande-3 (N064 @ 53.734969,-76.009910);Hydro3;Bus2;735kV_line;2395,502;2,395502;2000;1
Hydro;Chelsea - Rapides-Farmer;Hydro41;Hydro47;735kV_line;1631,268;1,631268;2000;1
Hydro;Chute-Hemmings - Drummondville;Hydro57;Hydro60;735kV_line;3756,136;3,756136;2000;1
Hydro;Romaine-2 (N019 @ 50.623732,-63.190935) - Romaine-2 (N074 @ 50.658167,-63.208378);Bus12;Hydro20;735kV_line;2596,681;2,596681;2000;1
Hydro;Jean-Lesage - Manicouagan;Hydro10;Bus21;735kV_line;5025,282;5,025282;2000;1
Hydro;Rapides-des-Iles - Rapides-des-Quinze;Hydro40;Hydro46;735kV_line;6747,022;6,747022;2000;1
Hydro;Beauharnois_Francis - Chateauguay;Hydro5;Bus39;735kV_line;2069,886;2,069886;2000;1
Hydro;Outardes-2 - Manic-1;Hydro22;Hydro39;735kV_line;6969,596;6,969596;2000;1
Hydro;Romaine-1 (N030 @ 50.386552,-63.260058) - Romaine-1 (N075 @ 50.448760,-63.268803);Hydro31;Bus13;735kV_line;3260,279;3,260279;2000;1
Hydro;Rene-Levesque - Outarde;Hydro9;Bus18;735kV_line;11244,752;11,244752;2000;1
Hydro;Rapides-des-Iles - Premiere-Chute;Hydro40;Hydro44;735kV_line;10887,936;10,887936;2000;1
Hydro;Riviere-des-Prairies - Duvernay;Hydro55;Bus30;735kV_line;2795,07;2,79507;2000;1
Hydro;Trenche - Rapide-Blanc;Hydro28;Hydro36;735kV_line;10801,711;10,801711;2000;1
Hydro;Shawinigan-3 - La Gabelle;Hydro38;Hydro43;735kV_line;4010,67;4,01067;2000;1
Hydro;Rocher-de-Grand-Mere - Shawinigan-2;Hydro34;Hydro37;735kV_line;10366,068;10,366068;2000;1
Hydro;Beauharnois_Francis - Les Cedres;Hydro5;Hydro45;735kV_line;16721,705;16,721705;2000;1
Hydro;McCormick - Manicouagan;Hydro33;Bus21;735kV_line;8137,592;8,137592;2000;1
Hydro;La tuque - Beaumont;Hydro29;Hydro30;735kV_line;5568,448;5,568448;2000;1
Hydro;La grande-2-A - Radisson;Hydro4;Bus1;735kV_line;20775,459;20,775459;2000;1
Hydro;Outardes-4 - Micoua;Hydro17;Bus17;735kV_line;18421,18;18,42118;2000;1
Hydro;Outardes-3 - Outarde;Hydro13;Bus18;735kV_line;7450,383;7,450383;2000;1
Hydro;Romaine-2 (N019 @ 50.623732,-63.190935) - Romaine-1 (N075 @ 50.448760,-63.268803);Hydro20;Bus13;735kV_line;12319,267;12,319267;2000;1
Hydro;Trenche - Beaumont;Hydro28;Hydro30;735kV_line;7970,825;7,970825;2000;1
Hydro;Carillon - Chenier;Hydro19;Bus29;735kV_line;35965,892;35,965892;2000;1
Hydro;Bersimis-1 - Bersimis-2;Hydro11;Hydro16;735kV_line;36165,215;36,165215;2000;1
Hydro;Rapide-2 - Rapide-7;Hydro52;Hydro53;735kV_line;29800,926;29,800926;2000;1
Hydro;Drummondville - Nicolet;Hydro60;Bus33;735kV_line;26353,776;26,353776;2000;1
Hydro;Rapide-des-Coeurs - Chute-Allard;Hydro49;Hydro50;735kV_line;38698,813;38,698813;2000;1
Hydro;Chenier - Judith-Jasmin;Bus29;Bus31;735kV_line;37525,46;37,52546;2000;1
Hydro;Rapide-Blanc - Rapide-des-Coeurs;Hydro36;Hydro49;735kV_line;44498,966;44,498966;2000;1
Hydro;Les Cedres - Chenier;Hydro45;Bus29;735kV_line;9153,693;9,153693;2000;1
Hydro;Carillon - Chute-Bell;Hydro19;Hydro61;735kV_line;34000,327;34,000327;2000;1
Hydro;Chute-Bell - Grand-Brule;Hydro61;Bus27;735kV_line;15621,407;15,621407;2000;1
Hydro;Paugan - Chelsea;Hydro35;Hydro41;735kV_line;19079,724;19,079724;2000;1
Hydro;Chelsea - Chute-des-Chats;Hydro41;Hydro48;735kV_line;51242,122;51,242122;2000;1
Hydro;Eastmain-1 - Muskeg;Hydro23;Bus6;735kV_line;59093,831;59,093831;2000;1
Hydro;Chute-des-Chats - Bryson;Hydro48;Hydro51;735kV_line;43943,782;43,943782;2000;1
Hydro;Jean-Lesage - Outardes-3;Hydro10;Hydro13;735kV_line;42787,136;42,787136;2000;1
Hydro;Rene-Levesque - Toulnustouc;Hydro9;Hydro21;735kV_line;49277,091;49,277091;2000;1
Hydro;Chute-Hemmings - Monteregie;Hydro57;Bus38;735kV_line;31737,244;31,737244;2000;1
Hydro;Sept-Chutes - Laurentides;Hydro59;Bus26;735kV_line;54959,444;54,959444;2000;1
Hydro;Brisay - Laforge-2;Hydro24;Hydro27;735kV_line;83730,525;83,730525;2000;1
Hydro;Chute-Hemmings - Cantons;Hydro57;Bus37;735kV_line;56418,648;56,418648;2000;1
Hydro;Sarcelle - Muskeg;Hydro42;Bus6;735kV_line;13072,548;13,072548;2000;1
Hydro;Boucherville - Monteregie;Bus36;Bus38;735kV_line;72195,438;72,195438;2000;1
Hydro;Eastmain-1 - Nemiscau;Hydro23;Bus7;735kV_line;12645,518;12,645518;2000;1
Hydro;Sainte-Marguerite-3 - Arnaud;Hydro14;Bus14;735kV_line;28448,066;28,448066;2000;1
Hydro;La grande-1 - Radisson;Hydro8;Bus1;735kV_line;93205,724;93,205724;2000;1
Hydro;La Gabelle - Nicolet;Hydro43;Bus33;735kV_line;55339,853;55,339853;2000;1
Hydro;Outardes-3 - Bersimis-2;Hydro13;Hydro16;735kV_line;58387,929;58,387929;2000;1
Hydro;La Grande-4 - Laforge-1;Hydro2;Hydro15;735kV_line;94962,898;94,962898;2000;1
Hydro;Perigny - Bergeronnes;Bus20;Bus24;735kV_line;94081,766;94,081766;2000;1
Hydro;Rapides-des-Quinze - Rapide-2;Hydro46;Hydro52;735kV_line;80165,312;80,165312;2000;1
Hydro;Nicolet - Appalaches;Bus33;Bus34;735kV_line;95351,26;95,35126;2000;1
Hydro;Perigny - Saguenay;Bus20;Bus23;735kV_line;108355,623;108,355623;2000;1
Hydro;Manic-5 - Toulnustouc;Hydro7;Hydro21;735kV_line;68769,985;68,769985;2000;1
Hydro;Rapides-Farmer - Chute-Bell;Hydro47;Hydro61;735kV_line;120217,447;120,217447;2000;1
Hydro;La tuque - Rocher-de-Grand-Mere;Hydro29;Hydro34;735kV_line;30681,276;30,681276;2000;1
Hydro;Bersimis-2 - Bergeronnes;Hydro16;Bus24;735kV_line;42189,367;42,189367;2000;1
Hydro;Rapide-Blanc - Chamouchouane;Hydro36;Bus19;735kV_line;40877,275;40,877275;2000;1
Hydro;Laforge-1 - Laforge-2;Hydro15;Hydro27;735kV_line;150197,379;150,197379;2000;1
Hydro;Robert-Bourassa - La Grande-3 (N064 @ 53.734969,-76.009910);Hydro1;Bus2;735kV_line;169339,403;169,339403;2000;1
Hydro;Chute-Allard - La Verendrye;Hydro50;Bus22;735kV_line;135237,064;135,237064;2000;1
Hydro;Paugan - Mercier;Hydro35;Hydro54;735kV_line;25111,851;25,111851;2000;1
Hydro;Toulnustouc - Arnaud;Hydro21;Bus14;735kV_line;173407,365;173,407365;2000;1
Hydro;Bersimis-1 - Peribonka;Hydro11;Hydro26;735kV_line;181451,936;181,451936;2000;1
Hydro;La Grande-3 (N002 @ 53.727721,-75.988438) - Sarcelle;Hydro3;Hydro42;735kV_line;76858,11;76,85811;2000;1
Hydro;Manic-5 - Hart-Jaune;Hydro7;Hydro56;735kV_line;102021,593;102,021593;2000;1
Hydro;Romaine-4 (N031 @ 50.215556,-60.686667) - Lac-Robertson;Hydro32;Hydro58;735kV_line;185754,842;185,754842;2000;1
Hydro;Hart-Jaune - Montagnais;Hydro56;Bus9;735kV_line;242933,092;242,933092;2000;1
Hydro;Romaine-2 (N019 @ 50.623732,-63.190935) - Romaine-4 (N031 @ 50.215556,-60.686667);Hydro20;Hydro32;735kV_line;279277,749;279,277749;2000;1
Hydro;Churchill-Falls - Gull-Island;Hydro62;Hydro63;735kV_line;290104,379;290,104379;2000;1
Hydro;Albanel - Abitibi;Bus8;Bus15;735kV_line;53387,074;53,387074;2000;1
Hydro;Romaine-3 - Romaine-4;Hydro25;Bus10;735kV_line;15758,959;15,758959;2000;1
Hydro;Romaine-3 - Romaine-2;Hydro25;Bus12;735kV_line;31209,179;31,209179;2000;1
Hydro;Rapide-7 - Mercier;Hydro53;Hydro54;735kV_line;260083,891;260,083891;2000;1
Conso;Laforge-2 - Notre-Dame-du-Nord;Conso68;Conso24;735kV_line;244,513;0,244513;2000;1
Conso;Gatineau - Frontenac-1;Conso2;Conso62;735kV_line;1166,139;1,166139;2000;1
Conso;Pandora - Mont-Royal;Conso26;Conso19;735kV_line;2122,556;2,122556;2000;1
Conso;Pandora - Dubuc;Conso26;Conso53;735kV_line;626,812;0,626812;2000;1
Conso;Laurentides - Saint-Joseph;Bus26;Conso41;735kV_line;2475,422;2,475422;2000;1
Conso;Groulx - Pandora;Conso39;Conso26;735kV_line;1204,249;1,204249;2000;1
Conso;Dubuc - De Lorimier;Conso53;Conso18;735kV_line;1617,582;1,617582;2000;1
Conso;Nicolet - Anne-Hebert;Bus33;Conso63;735kV_line;2955,731;2,955731;2000;1
Conso;Rouville - F.F. Soucy S.E.C.;Conso58;Conso44;735kV_line;2413,968;2,413968;2000;1
Conso;Cournoyer - Usine Beauharnois Alcan;Conso34;Conso43;735kV_line;6128,619;6,128619;2000;1
Conso;Saint-Joseph - Dorchester;Conso41;Conso20;735kV_line;7584,068;7,584068;2000;1
Conso;Anjou - Bout-de-l'ile;Conso65;Bus28;735kV_line;3020,577;3,020577;2000;1
Conso;Lanaudiere - Acton;Conso38;Conso30;735kV_line;7999,969;7,999969;2000;1
Conso;De Lorimier - Anjou;Conso18;Conso65;735kV_line;4279,233;4,279233;2000;1
Conso;Duvernay - Sainte-Rose;Bus30;Conso8;735kV_line;10374,397;10,374397;2000;1
Conso;Carignan - Sorel-Sud;Bus32;Conso11;735kV_line;5212,766;5,212766;2000;1
Conso;Boucherville - Saint-Bruno-de-Montarville;Bus36;Conso64;735kV_line;3712,006;3,712006;2000;1
Conso;Levis - Normand;Bus35;Conso55;735kV_line;12470,513;12,470513;2000;1
Conso;Judith-Jasmin - Sainte-Anne-des-Plaines;Bus31;Conso40;735kV_line;10590,785;10,590785;2000;1
Conso;Saint-Lazare - Dorion;Conso42;Conso4;735kV_line;14181,059;14,181059;2000;1
Conso;Sherbrooke - Central-2;Conso13;Conso15;735kV_line;12674,033;12,674033;2000;1
Conso;Carignan - Outardes-3;Bus32;Conso66;735kV_line;11699,66;11,69966;2000;1
Conso;Monteregie - Lanaudiere;Bus38;Conso38;735kV_line;13660,279;13,660279;2000;1
Conso;Templeton - Gatineau;Conso1;Conso2;735kV_line;11590,298;11,590298;2000;1
Conso;Dorchester - Levis;Conso20;Bus35;735kV_line;5254,058;5,254058;2000;1
Conso;Quebec Lithium - Chenier;Conso23;Bus29;735kV_line;16929,721;16,929721;2000;1
Conso;Grand-Brule - Ouimet;Bus27;Conso31;735kV_line;4120,403;4,120403;2000;1
Conso;Granby - Monteregie;Conso14;Bus38;735kV_line;3713;3,713;2000;1
Conso;Chateauguay - Hydrogenal Inc;Bus39;Conso35;735kV_line;10818,913;10,818913;2000;1
Conso;Anjou - Boucherville;Conso65;Bus36;735kV_line;20231,318;20,231318;2000;1
Conso;Dorion - Landry;Conso4;Conso7;735kV_line;10398,047;10,398047;2000;1
Conso;Groulx - Hertel;Conso39;Bus40;735kV_line;17061,951;17,061951;2000;1
Conso;Anne-Hebert - Daveluyville;Conso63;Conso36;735kV_line;16282,072;16,282072;2000;1
Conso;Companie-Miniere-Quebec-Cartier - Saint-Louis;Conso51;Conso21;735kV_line;22849,481;22,849481;2000;1
Conso;Landry - Saint-Polycarpe;Conso7;Conso6;735kV_line;23070,134;23,070134;2000;1
Conso;Daveluyville - Doc-Grignon;Conso36;Conso5;735kV_line;20348,29;20,34829;2000;1
Conso;Landry - Chateauguay;Conso7;Bus39;735kV_line;25273,183;25,273183;2000;1
Conso;Cantons - Sherbrooke;Bus37;Conso13;735kV_line;8939,927;8,939927;2000;1
Conso;Saint-Louis - Carignan;Conso21;Bus32;735kV_line;20309,16;20,30916;2000;1
Conso;Quebec Lithium - Saint-Lazare;Conso23;Conso42;735kV_line;9984,111;9,984111;2000;1
Conso;Hydrogenal Inc - Groulx;Conso35;Conso39;735kV_line;22234,073;22,234073;2000;1
Conso;Landry - Huntingdon;Conso7;Conso17;735kV_line;10289,163;10,289163;2000;1
Conso;Asbestos - Cantons;Conso10;Bus37;735kV_line;7572,505;7,572505;2000;1
Conso;Chute-du-diable - Saint-Donat;Conso74;Conso32;735kV_line;32228,162;32,228162;2000;1
Conso;Hertel - Saint-Blaise;Bus40;Conso27;735kV_line;16845,983;16,845983;2000;1
Conso;Rouville - Granby;Conso58;Conso14;735kV_line;35151,581;35,151581;2000;1
Conso;Ouimet - Chute-du-diable;Conso31;Conso74;735kV_line;10833,927;10,833927;2000;1
Conso;Chute-Hemmings - Companie-Miniere-Quebec-Cartier;Conso9;Conso51;735kV_line;35933,851;35,933851;2000;1
Conso;Saint-Bruno-de-Montarville - Rouville;Conso64;Conso58;735kV_line;33663,865;33,663865;2000;1
Conso;Chute-Hemmings - Nicolet;Conso9;Bus33;735kV_line;22925,156;22,925156;2000;1
Conso;Acton - Chute-Hemmings;Conso30;Conso9;735kV_line;11978,591;11,978591;2000;1
Conso;Poirier - Grand-Brule;Conso28;Bus27;735kV_line;42623,719;42,623719;2000;1
Conso;Grondines - Jacques-Cartier;Conso70;Bus25;735kV_line;35993,569;35,993569;2000;1
Conso;Papiers-Scott Inc - Quebec Lithium;Conso37;Conso23;735kV_line;49526,621;49,526621;2000;1
Conso;Sainte-Anne-des-Plaines - Poirier;Conso40;Conso28;735kV_line;41013,007;41,013007;2000;1
Conso;Du Portage - Kamouraska;Conso54;Conso67;735kV_line;23144,396;23,144396;2000;1
Conso;Doc-Grignon - Asbestos;Conso5;Conso10;735kV_line;11746,355;11,746355;2000;1
Conso;Jacques-Cartier - LAnnonciation;Bus25;Conso33;735kV_line;14944,372;14,944372;2000;1
Conso;Sainte-Germaine - Rouyn;Conso46;Conso25;735kV_line;13181,48;13,18148;2000;1
Conso;Doc-Grignon - Appalaches;Conso5;Bus34;735kV_line;62295,714;62,295714;2000;1
Conso;Daveluyville - Grondines;Conso36;Conso70;735kV_line;17106,613;17,106613;2000;1
Conso;Templeton - Perce;Conso1;Conso50;735kV_line;32574,489;32,574489;2000;1
Conso;Appalaches - Beauceville-Est;Bus34;Conso45;735kV_line;69549,488;69,549488;2000;1
Conso;Trois-Pistoles - Du Portage;Conso56;Conso54;735kV_line;50923,154;50,923154;2000;1
Conso;Aluminerie-de-Becancour - Albanel;Conso60;Bus8;735kV_line;376515,477;376,515477;2000;1
Conso;La Grande-1 - Radisson;Conso48;Bus1;735kV_line;95025,89;95,02589;2000;1
Conso;Mine Gonzague-Langlois - La Verendrye;Conso47;Bus22;735kV_line;37893,721;37,893721;2000;1
Conso;Perce - Papiers-Scott Inc;Conso50;Conso37;735kV_line;74905,969;74,905969;2000;1
Conso;Trois-Pistoles - Jules-A.-Brillant;Conso56;Conso61;735kV_line;73012,88;73,01288;2000;1
Conso;Plouffe - Mine Gonzague-Langlois;Conso22;Conso47;735kV_line;37642,609;37,642609;2000;1
Conso;Mine Gonzague-Langlois - Repentigny;Conso47;Conso49;735kV_line;99364,481;99,364481;2000;1
Conso;Perce - Plouffe;Conso50;Conso22;735kV_line;30582,224;30,582224;2000;1
Conso;Grondines - Cournoyer;Conso70;Conso34;735kV_line;91339,049;91,339049;2000;1
Conso;LAnnonciation - Sidbec-Dosco;Conso33;Conso57;735kV_line;59642,562;59,642562;2000;1
Conso;Maissonneuve - Aluminerie-de-Becancour;Conso16;Conso60;735kV_line;107488,414;107,488414;2000;1
Conso;Levis - Spruce Falls Inc;Bus35;Conso59;735kV_line;105264,901;105,264901;2000;1
Conso;Waconichi - Chibougamau;Conso52;Bus16;735kV_line;94933,419;94,933419;2000;1
Conso;Sidbec-Dosco - Saguenay;Conso57;Bus23;735kV_line;24880,87;24,88087;2000;1
Conso;Rouyn - Laforge-2;Conso25;Conso68;735kV_line;53411,032;53,411032;2000;1
Conso;Saguenay - Maissonneuve;Bus23;Conso16;735kV_line;30391,184;30,391184;2000;1
Conso;Abitibi - Aluminiere Grande-Baie Alcan;Bus15;Conso75;735kV_line;38613,037;38,613037;2000;1
Conso;Joutel - Sainte-Germaine;Conso29;Conso46;735kV_line;91796,537;91,796537;2000;1
Conso;Muskeg - Eastmain-1;Bus6;Conso69;735kV_line;186064,237;186,064237;2000;1
Conso;Argonal Inc - Bowater Gatineau;Conso12;Conso3;735kV_line;166718,616;166,718616;2000;1
Conso;Micoua - Outardes;Bus17;Conso71;735kV_line;81844,082;81,844082;2000;1
Conso;EDU de Francisco - Argonal Inc;Bus3;Conso12;735kV_line;85036,459;85,036459;2000;1
Conso;Aluminerie-de-Becancour - Waconichi;Conso60;Conso52;735kV_line;172357,007;172,357007;2000;1
Conso;Eastmain-1 - La Grande-1;Conso69;Conso48;735kV_line;50083,258;50,083258;2000;1
Conso;Waconichi - Albanel;Conso52;Bus8;735kV_line;204200,731;204,200731;2000;1
Conso;Abitibi - Joutel;Bus15;Conso29;735kV_line;315973,139;315,973139;2000;1
Conso;Albanel - Chamouchouane;Conso72;Bus19;735kV_line;30782,73;30,78273;2000;1
Conso;Albanel - Aluminerie-De-Becancour;Conso72;Conso60;735kV_line;24449,666;24,449666;2000;1
Conso;Kamouraska - Spruce Falls Inc;Conso67;Conso59;735kV_line;56352,412;56,352412;2000;1
Interco;Interco2_EelRiver_backbone;Bus21;Interco2;230kV_line;199400;199,4;350;1
Interco;Interco2_EelRiver_foreign;Interco2;Etranger2;230kV_line;2900;2,9;350;1
Interco;Interco3_Madawaska_backbone;Bus24;Interco3;345kV_line;114200;114,2;1250;1
Interco;Interco3_Madawaska_foreign;Interco3;Etranger3;345kV_line;36900;36,9;1250;1
Interco;Interco4_Appalaches_backbone;Bus34;Interco4;315kV_line;100;0,1;1200;1
Interco;Interco4_Appalaches_foreign;Interco4;Etranger4;315kV_line;244900;244,9;1200;1
Interco;Interco5_Stanstead_backbone;Bus37;Interco5;120kV_line;57900;57,9;80;1
Interco;Interco5_Stanstead_foreign;Interco5;Etranger5;120kV_line;7200;7,2;80;1
Interco;Interco6_Bedford_backbone;Bus38;Interco6;120kV_line;37600;37,6;225;1
Interco;Interco6_Bedford_foreign;Interco6;Etranger6;120kV_line;29400;29,4;225;1
Interco;Interco7_Nicolet_backbone;Bus33;Interco7;450kV_line;100;0,1;2000;1
Interco;Interco7_Nicolet_foreign;Interco7;Etranger7;450kV_line;394800;394,8;2000;1
Interco;Interco8_Hertel_backbone;Bus40;Interco8;450kV_line;100;0,1;1200;1
Interco;Interco8_Hertel_foreign;Interco8;Etranger8;450kV_line;515900;515,9;1200;1
Interco;Interco9_Massena_backbone;Bus39;Interco9;735kV_line;100;0,1;1800;1
Interco;Interco9_Massena_foreign;Interco9;Etranger9;735kV_line;87800;87,8;1800;1
Interco;Interco10_Ontario_backbone;Bus39;Interco10;230kV_line;15500;15,5;800;1
Interco;Interco10_Ontario_foreign;Interco10;Etranger10;230kV_line;66000;66;800;1
Interco;Interco11_Outaouais_backbone;Bus27;Interco11;230kV_line;82000;82;1250;1
Interco;Interco11_Outaouais_foreign;Interco11;Etranger11;230kV_line;18100;18,1;1250;1
Interco;Interco12_Paugan_backbone;Bus27;Interco12;230kV_line;109600;109,6;345;1
Interco;Interco12_Paugan_foreign;Interco12;Etranger12;230kV_line;43900;43,9;345;1
Interco;Interco13_Chenaux_backbone;Bus27;Interco13;120kV_line;171700;171,7;65;1
Interco;Interco13_Chenaux_foreign;Interco13;Etranger13;120kV_line;600;0,6;65;1
Interco;Interco14_Kipawa_backbone;Bus22;Interco14;120kV_line;326500;326,5;110;1
Interco;Interco14_Kipawa_foreign;Interco14;Etranger14;120kV_line;97600;97,6;110;1
Interco;Interco15_Rapide_backbone;Bus22;Interco15;120kV_line;334700;334,7;85;1
Interco;Interco15_Rapide_foreign;Interco15;Etranger15;120kV_line;61000;61;85;1
